[
    "Rod. Gov. Mário Covas, 535, Balneário Piçarras - SC, 88380-000, Brazil",
    "Av. Cel. Procópio Gomes, 249 - Bucarein, Joinville - SC, 89202-300, Brazil",
    "R. Dona Francisca, 260 - Centro, Joinville - SC, 89201-250, Brazil",
    "Av. Edgar Nelsom Meister, 47 - Zona Industrial Norte, Joinville - SC, Brazil",
    "R. Cidade de Vera Cruz, 202 - Profipo, Joinville - SC, 89233-450, Brazil",
    "R. Paulo Sérgio Santos Rosa, 295 - Vila Nova, Joinville - SC, 89237-737, Brazil",
    "R. Aquidaban, 309 - Glória, Joinville - SC, 89216-295, Brazil",
    "Av. Jorge Alfredo Camasmie, 15 - Gramado, Embu das Artes - SP, 06816-050, Brazil",
    "R. Padre Kolb, 985 - Bucarein, Joinville - SC, 89202-350, Brazil",
    "Av. dos Astronautas, 1758 - Jardim da Granja, São José dos Campos - SP, 12227-010, Brazil",
    "R. Dona Francisca, 7200 - Zona Industrial Norte, Joinville - SC, Brazil",
    "Icaro Express - Centro (Pirabeiraba), Joinville - SC, Brazil",
    "Rua 3 de Maio, 58 - Centro, Joinville - SC, 89201-030, Brazil",
    "R. Sen. Petrônio Portela, 377 - Zona Industrial Norte, Joinville - SC, 89219-575, Brazil",
    "R. Dona Francisca, 8300 - Distrito Industrial, Joinville - SC, 89219-600, Brazil",
    "R. Francisco Alves, 43 - Jarivatuba, Joinville - SC, 89230-021, Brazil",
    "Rua José Martins, 661 - Três Rios do Norte, Jaraguá do Sul - SC, Brazil",
    "Praça Saenz Peña, 45 - Tijuca, Rio de Janeiro - RJ, 20520-090, Brazil",
    "R. Chapecó, 86 - Saguaçu, Joinville - SC, 89221-040, Brazil",
    "R. Albano Schmidt, 2477 - Comasa, Joinville - SC, 89228-310, Brazil",
    "R. Dr. João Colin, 844 - América, Joinville - SC, 89204-000, Brazil",
    "R. 10, 735 - Centro, Rio Claro - SP, 13500-230, Brazil",
    "R. Capão Bonito, 637 - Fátima, Joinville - SC, 89229-300, Brazil",
    "Av. Osaka, 365 - Centro Industrial, Arujá - SP, 07411-750, Brazil",
    "Recope - Centro (Pirabeiraba), Joinville - SC, Brazil",
    "R. Caetano Pinto, 129 - Brás, São Paulo - SP, 03041-000, Brazil",
    "Rua Otto Eduardo Lepper, 1 - Saguaçu, Joinville - SC, 89221-027, Brazil",
    "R. Iririú, 701 - Saguaçu, Joinville - SC, 89227-045, Brazil",
    "R. Dona Francisca, 12340 - Centro (Pirabeiraba), Joinville - SC, 89239-240, Brazil",
    "R. Dorothovio do Nascimento, 2550 - Zona Industrial Norte, Joinville - SC, 89219-750, Brazil",
    "R. Arno Waldemar Dohler, 145 - Zona Industrial Norte, Joinville - SC, 89219-902, Brazil",
    "R. Rui Barbosa, 210 - Costa e Silva, Joinville - SC, 89219-522, Brazil",
    "BR-101, 2760 - Anita Garibaldi, Joinville - SC, 89203-650, Brazil",
    "Rua Dona Francisca, 8300 - Sala 7 - Unidade 15 - Bloco L - Condomínio Perini Busines - Distrito Industrial, Joinville - SC, 89219-600, Brazil",
    "R. Dona Francisca, 8300 - Distrito Industrial, Joinville - SC, 89219-600, Brazil"
]